{
    "logger": {
        "level": "DEBUG",
        "name": "wi-api"
    },
    "swagger": {
        "host": "api.wildlifeinsights.org"
    },
    "dashboardUrl": "https://app.wildlifeinsights.org",
    "humanObfuscation": {
        "placeholder": "https://app.wildlifeinsights.org/static/human-placeholder.png",
        "thumbnail": "https://app.wildlifeinsights.org/static/human-placeholder.png"
    },
    "appEnvironment": "production",
    "batchDownloads": {
        "bucketName": "wi-data-downloads"
    },
    "auth": {
        "apiServiceUrl": "https://api.wildlifeinsights.org",
        "publicUrl": "https://api.wildlifeinsights.org/v1/auth"
    }
}
