{
    "logger": {
        "level": "DEBUG",
        "name": "wi-api(staging)"
    },
    "swagger": {
        "host": "staging.api.wildlifeinsights.org"
    },
    "postgres": {
        "url": null
    },
    "dashboardUrl": "https://staging.app.wildlifeinsights.org",
    "humanObfuscation": {
        "placeholder": "https://staging.app.wildlifeinsights.org/static/human-placeholder.png",
        "thumbnail": "https://staging.app.wildlifeinsights.org/static/human-placeholder.png"
    },
    "appEnvironment": "staging",
    "batchDownloads": {
        "bucketName": "wi-data-downloads-staging"
    },
    "auth": {
        "apiServiceUrl": "https://staging.api.wildlifeinsights.org",
        "publicUrl": "https://staging.api.wildlifeinsights.org/v1/auth"
    }
}
